{
    "autoAdd": true,
    "autoJoinTicket": false,
    "autoLeave": false,
    "autoRead": true,
    "autolike": true,
    "cancelprotect": false,
    "changeGroupPicture": {},
    "changePicture": {},
    "detectMention": false,
    "getmid": false,
    "inviter": {
        "ua10c2ad470b4b6e972954e1140ad1891": true
    },
    "invprotect": {
        "cd3c49f4880c4c9fe00c3c763fb6dba5c": true,
        "ce230ed637439330447553966a8af9bca": true,
        "ce803589bfc30ac55d0c40cc9c08fd029": true,
        "cf2670f6cc5cac435c2a65e21040b4eb6": true
    },
    "mention": false,
    "monmonpic": 56,
    "pic": 8,
    "protect": {
        "cc06fde0c81d65da2c8a682fd758ec18e": true,
        "cd3c49f4880c4c9fe00c3c763fb6dba5c": true,
        "cdb4abb69a25f0199b1d88bb42b1a1ffc": true,
        "ce230ed637439330447553966a8af9bca": true,
        "ce803589bfc30ac55d0c40cc9c08fd029": true,
        "cf2670f6cc5cac435c2a65e21040b4eb6": true
    },
    "qrprotect": {
        "cd3c49f4880c4c9fe00c3c763fb6dba5c": true,
        "ce230ed637439330447553966a8af9bca": true,
        "ce803589bfc30ac55d0c40cc9c08fd029": true,
        "cf2670f6cc5cac435c2a65e21040b4eb6": true
    },
    "reread": false,
    "timeline": false,
    "userAgent": [
        "Mozilla/5.0 (X11; U; Linux i586; de; rv:5.0) Gecko/20100101 Firefox/5.0",
        "Mozilla/5.0 (X11; U; Linux amd64; rv:5.0) Gecko/20100101 Firefox/5.0 (Debian)",
        "Mozilla/5.0 (X11; U; Linux amd64; en-US; rv:5.0) Gecko/20110619 Firefox/5.0",
        "Mozilla/5.0 (X11; Linux) Gecko Firefox/5.0",
        "Mozilla/5.0 (X11; Linux x86_64; rv:5.0) Gecko/20100101 Firefox/5.0 FirePHP/0.5",
        "Mozilla/5.0 (X11; Linux x86_64; rv:5.0) Gecko/20100101 Firefox/5.0 Firefox/5.0",
        "Mozilla/5.0 (X11; Linux x86_64) Gecko Firefox/5.0",
        "Mozilla/5.0 (X11; Linux ppc; rv:5.0) Gecko/20100101 Firefox/5.0",
        "Mozilla/5.0 (X11; Linux AMD64) Gecko Firefox/5.0",
        "Mozilla/5.0 (X11; FreeBSD amd64; rv:5.0) Gecko/20100101 Firefox/5.0",
        "Mozilla/5.0 (Windows NT 6.2; WOW64; rv:5.0) Gecko/20100101 Firefox/5.0",
        "Mozilla/5.0 (Windows NT 6.1; Win64; x64; rv:5.0) Gecko/20110619 Firefox/5.0",
        "Mozilla/5.0 (Windows NT 6.1; Win64; x64; rv:5.0) Gecko/20100101 Firefox/5.0",
        "Mozilla/5.0 (Windows NT 6.1; rv:6.0) Gecko/20100101 Firefox/5.0",
        "Mozilla/5.0 (Windows NT 6.1.1; rv:5.0) Gecko/20100101 Firefox/5.0",
        "Mozilla/5.0 (Windows NT 5.2; WOW64; rv:5.0) Gecko/20100101 Firefox/5.0",
        "Mozilla/5.0 (Windows NT 5.1; U; rv:5.0) Gecko/20100101 Firefox/5.0",
        "Mozilla/5.0 (Windows NT 5.1; rv:2.0.1) Gecko/20100101 Firefox/5.0",
        "Mozilla/5.0 (Windows NT 5.0; WOW64; rv:5.0) Gecko/20100101 Firefox/5.0",
        "Mozilla/5.0 (Windows NT 5.0; rv:5.0) Gecko/20100101 Firefox/5.0"
    ]
}